<?xml version="1.0" encoding="UTF-8"?>
<configurationDescriptor version="100">
  <logicalFolder name="root" displayName="root" projectFiles="true" kind="ROOT">
    <logicalFolder name="HeaderFiles"
                   displayName="Header Files"
                   projectFiles="true">
      <itemPath>include/Bigram.h</itemPath>
      <itemPath>include/BigramCounter.h</itemPath>
      <itemPath>include/BigramFreq.h</itemPath>
      <itemPath>include/Language.h</itemPath>
    </logicalFolder>
    <logicalFolder name="ResourceFiles"
                   displayName="Resource Files"
                   projectFiles="true">
    </logicalFolder>
    <logicalFolder name="SourceFiles"
                   displayName="Source Files"
                   projectFiles="true">
      <itemPath>src/Bigram.cpp</itemPath>
      <itemPath>src/BigramCounter.cpp</itemPath>
      <itemPath>src/BigramFreq.cpp</itemPath>
      <itemPath>src/CLASSIFY.cpp</itemPath>
      <itemPath>src/JOIN.cpp</itemPath>
      <itemPath>src/LEARN.cpp</itemPath>
      <itemPath>../../UGRMPBase/NetBeansProjects/Language5/src/Language.cpp</itemPath>
      <itemPath>src/metamain.cpp</itemPath>
    </logicalFolder>
    <logicalFolder name="TestFiles"
                   displayName="Test Files"
                   projectFiles="false"
                   kind="TEST_LOGICAL_FOLDER">
    </logicalFolder>
    <logicalFolder name="ExternalFiles"
                   displayName="Important Files"
                   projectFiles="false"
                   kind="IMPORTANT_FILES_FOLDER">
      <itemPath>Makefile</itemPath>
    </logicalFolder>
  </logicalFolder>
  <projectmakefile>Makefile</projectmakefile>
  <confs>
    <conf name="Debug" type="1">
      <toolsSet>
        <compilerSet>default</compilerSet>
        <dependencyChecking>true</dependencyChecking>
        <rebuildPropChanged>false</rebuildPropChanged>
      </toolsSet>
      <compileType>
        <ccTool>
          <standard>11</standard>
          <incDir>
            <pElem>include</pElem>
          </incDir>
        </ccTool>
      </compileType>
      <item path="../../UGRMPBase/NetBeansProjects/Language5/src/Language.cpp"
            ex="false"
            tool="1"
            flavor2="0">
      </item>
      <item path="include/Bigram.h" ex="false" tool="3" flavor2="0">
      </item>
      <item path="include/BigramCounter.h" ex="false" tool="3" flavor2="0">
      </item>
      <item path="include/BigramFreq.h" ex="false" tool="3" flavor2="0">
      </item>
      <item path="include/Language.h" ex="false" tool="3" flavor2="0">
      </item>
      <item path="src/Bigram.cpp" ex="false" tool="1" flavor2="0">
      </item>
      <item path="src/BigramCounter.cpp" ex="false" tool="1" flavor2="0">
      </item>
      <item path="src/BigramFreq.cpp" ex="false" tool="1" flavor2="0">
      </item>
      <item path="src/CLASSIFY.cpp" ex="false" tool="1" flavor2="0">
      </item>
      <item path="src/JOIN.cpp" ex="false" tool="1" flavor2="0">
      </item>
      <item path="src/LEARN.cpp" ex="false" tool="1" flavor2="0">
      </item>
      <item path="src/metamain.cpp" ex="false" tool="1" flavor2="0">
      </item>
    </conf>
    <conf name="Release" type="1">
      <toolsSet>
        <compilerSet>default</compilerSet>
        <dependencyChecking>true</dependencyChecking>
        <rebuildPropChanged>false</rebuildPropChanged>
      </toolsSet>
      <compileType>
        <cTool>
          <developmentMode>5</developmentMode>
        </cTool>
        <ccTool>
          <developmentMode>5</developmentMode>
          <standard>11</standard>
        </ccTool>
        <fortranCompilerTool>
          <developmentMode>5</developmentMode>
        </fortranCompilerTool>
        <asmTool>
          <developmentMode>5</developmentMode>
        </asmTool>
      </compileType>
      <item path="../../UGRMPBase/NetBeansProjects/Language5/src/Language.cpp"
            ex="false"
            tool="1"
            flavor2="0">
      </item>
      <item path="include/Bigram.h" ex="false" tool="3" flavor2="0">
      </item>
      <item path="include/BigramCounter.h" ex="false" tool="3" flavor2="0">
      </item>
      <item path="include/BigramFreq.h" ex="false" tool="3" flavor2="0">
      </item>
      <item path="include/Language.h" ex="false" tool="3" flavor2="0">
      </item>
      <item path="src/Bigram.cpp" ex="false" tool="1" flavor2="0">
      </item>
      <item path="src/BigramCounter.cpp" ex="false" tool="1" flavor2="0">
      </item>
      <item path="src/BigramFreq.cpp" ex="false" tool="1" flavor2="0">
      </item>
      <item path="src/CLASSIFY.cpp" ex="false" tool="1" flavor2="0">
      </item>
      <item path="src/JOIN.cpp" ex="false" tool="1" flavor2="0">
      </item>
      <item path="src/LEARN.cpp" ex="false" tool="1" flavor2="0">
      </item>
      <item path="src/metamain.cpp" ex="false" tool="1" flavor2="0">
      </item>
    </conf>
    <conf name="LEARN" type="1">
      <toolsSet>
        <compilerSet>default</compilerSet>
        <dependencyChecking>true</dependencyChecking>
        <rebuildPropChanged>false</rebuildPropChanged>
      </toolsSet>
      <compileType>
        <ccTool>
          <standard>11</standard>
          <incDir>
            <pElem>include</pElem>
          </incDir>
          <commandLine>-D LEARN</commandLine>
        </ccTool>
        <linkerTool>
          <output>${CND_DISTDIR}/${CND_CONF}/${CND_PLATFORM}/${CND_CONF}</output>
        </linkerTool>
      </compileType>
      <item path="../../UGRMPBase/NetBeansProjects/Language5/src/Language.cpp"
            ex="false"
            tool="1"
            flavor2="0">
      </item>
      <item path="include/Bigram.h" ex="false" tool="3" flavor2="0">
      </item>
      <item path="include/BigramCounter.h" ex="false" tool="3" flavor2="0">
      </item>
      <item path="include/BigramFreq.h" ex="false" tool="3" flavor2="0">
      </item>
      <item path="include/Language.h" ex="false" tool="3" flavor2="0">
      </item>
      <item path="src/Bigram.cpp" ex="false" tool="1" flavor2="0">
      </item>
      <item path="src/BigramCounter.cpp" ex="false" tool="1" flavor2="11">
      </item>
      <item path="src/BigramFreq.cpp" ex="false" tool="1" flavor2="0">
      </item>
      <item path="src/CLASSIFY.cpp" ex="false" tool="1" flavor2="0">
      </item>
      <item path="src/JOIN.cpp" ex="false" tool="1" flavor2="0">
      </item>
      <item path="src/LEARN.cpp" ex="false" tool="1" flavor2="0">
      </item>
      <item path="src/metamain.cpp" ex="false" tool="1" flavor2="11">
      </item>
    </conf>
    <conf name="JOIN" type="1">
      <toolsSet>
        <compilerSet>default</compilerSet>
        <dependencyChecking>true</dependencyChecking>
        <rebuildPropChanged>false</rebuildPropChanged>
      </toolsSet>
      <compileType>
        <ccTool>
          <standard>11</standard>
          <incDir>
            <pElem>include</pElem>
          </incDir>
          <commandLine>-D JOIN</commandLine>
        </ccTool>
        <linkerTool>
          <output>${CND_DISTDIR}/${CND_CONF}/${CND_PLATFORM}/${CND_CONF}</output>
        </linkerTool>
      </compileType>
      <item path="../../UGRMPBase/NetBeansProjects/Language5/src/Language.cpp"
            ex="false"
            tool="1"
            flavor2="0">
      </item>
      <item path="include/Bigram.h" ex="false" tool="3" flavor2="0">
      </item>
      <item path="include/BigramCounter.h" ex="false" tool="3" flavor2="0">
      </item>
      <item path="include/BigramFreq.h" ex="false" tool="3" flavor2="0">
      </item>
      <item path="include/Language.h" ex="false" tool="3" flavor2="0">
      </item>
      <item path="src/Bigram.cpp" ex="false" tool="1" flavor2="0">
      </item>
      <item path="src/BigramCounter.cpp" ex="false" tool="1" flavor2="11">
      </item>
      <item path="src/BigramFreq.cpp" ex="false" tool="1" flavor2="0">
      </item>
      <item path="src/CLASSIFY.cpp" ex="false" tool="1" flavor2="0">
      </item>
      <item path="src/JOIN.cpp" ex="false" tool="1" flavor2="0">
      </item>
      <item path="src/LEARN.cpp" ex="false" tool="1" flavor2="0">
      </item>
      <item path="src/metamain.cpp" ex="false" tool="1" flavor2="11">
      </item>
    </conf>
    <conf name="CLASSIFY" type="1">
      <toolsSet>
        <compilerSet>default</compilerSet>
        <dependencyChecking>true</dependencyChecking>
        <rebuildPropChanged>false</rebuildPropChanged>
      </toolsSet>
      <compileType>
        <ccTool>
          <standard>11</standard>
          <incDir>
            <pElem>include</pElem>
          </incDir>
          <commandLine>-D CLASSIFY</commandLine>
        </ccTool>
        <linkerTool>
          <output>${CND_DISTDIR}/${CND_CONF}/${CND_PLATFORM}/${CND_CONF}</output>
        </linkerTool>
      </compileType>
      <item path="../../UGRMPBase/NetBeansProjects/Language5/src/Language.cpp"
            ex="false"
            tool="1"
            flavor2="0">
      </item>
      <item path="include/Bigram.h" ex="false" tool="3" flavor2="0">
      </item>
      <item path="include/BigramCounter.h" ex="false" tool="3" flavor2="0">
      </item>
      <item path="include/BigramFreq.h" ex="false" tool="3" flavor2="0">
      </item>
      <item path="include/Language.h" ex="false" tool="3" flavor2="0">
      </item>
      <item path="src/Bigram.cpp" ex="false" tool="1" flavor2="0">
      </item>
      <item path="src/BigramCounter.cpp" ex="false" tool="1" flavor2="11">
      </item>
      <item path="src/BigramFreq.cpp" ex="false" tool="1" flavor2="0">
      </item>
      <item path="src/CLASSIFY.cpp" ex="false" tool="1" flavor2="0">
      </item>
      <item path="src/JOIN.cpp" ex="false" tool="1" flavor2="0">
      </item>
      <item path="src/LEARN.cpp" ex="false" tool="1" flavor2="0">
      </item>
      <item path="src/metamain.cpp" ex="false" tool="1" flavor2="11">
      </item>
    </conf>
  </confs>
</configurationDescriptor>
