<?xml version="1.0" encoding="UTF-8"?>
<project-private xmlns="http://www.netbeans.org/ns/project-private/1">
    <data xmlns="http://www.netbeans.org/ns/make-project-private/1">
        <activeConfTypeElem>1</activeConfTypeElem>
        <activeConfIndexElem>3</activeConfIndexElem>
    </data>
    <editor-bookmarks xmlns="http://www.netbeans.org/ns/editor-bookmarks/2" lastBookmarkId="0"/>
    <open-files xmlns="http://www.netbeans.org/ns/projectui-open-files/2">
        <group>
            <file>file:/home/mp/NetBeansProjects/Language5/include/BigramCounter.h</file>
            <file>file:/home/mp/NetBeansProjects/Language5/include/Bigram.h</file>
            <file>file:/home/mp/UGRMPBase/NetBeansProjects/Language5/src/Language.cpp</file>
            <file>file:/home/mp/NetBeansProjects/Language5/include/Language.h</file>
            <file>file:/home/mp/NetBeansProjects/Language5/src/BigramCounter.cpp</file>
            <file>file:/home/mp/NetBeansProjects/Language5/src/Bigram.cpp</file>
            <file>file:/home/mp/NetBeansProjects/Language5/include/BigramFreq.h</file>
            <file>file:/home/mp/NetBeansProjects/Language5/src/BigramFreq.cpp</file>
        </group>
    </open-files>
</project-private>
